{
  "experiment_id": "20250619_024455",
  "experiment_name": "Ensemble_Baseline",
  "timestamp": "2025-06-19T02:46:40.481895",
  "config": {
    "dropout_rate": 0.25,
    "optimizer": "adam",
    "learning_rate": 0.0015,
    "batch_size": 32,
    "epochs": 100,
    "loss": "binary_crossentropy"
  },
  "results": {
    "accuracy": 0.8308531746031746,
    "precision": 0.06666666666666667,
    "recall": 0.8275862068965517,
    "specificity": 0.8309008555611475,
    "f1_score": 0.12339331619537275,
    "roc_auc": 0.872273224233379,
    "avg_precision": 0.27459849982098694,
    "confusion_matrix": [
      [
        1651,
        336
      ],
      [
        5,
        24
      ]
    ],
    "tp": 24,
    "fp": 336,
    "tn": 1651,
    "fn": 5,
    "training_epochs": 22,
    "best_val_auc": 0.8755010962486267,
    "model_params": 30452
  }
}